ID_Pup,Beach,Day,Day_Actual,Date,Weight,Girth,Span,Length,Aggressiveness,LocalDensity,Sex,Death,Season,CI,ID_Mum,CI_Mum,Cause_of_death
N1,FWB,0,0,09-12-19,5,39,60,68,2,8,F,Y,1920,5.765763145,FWB1,33.91985002,starvation; mother died
N10,FWB,0,0,11-12-19,5.4,43,50,63,3,NA,F,N,1920,7.64196439,FWB10,29.89202659,
N10,FWB,50,50,30-01-20,7.7,43,67.5,68,3,5,F,N,1920,8.879275244,FWB10,29.89202659,
N10,FWB,30,30,10-01-20,5.9,38.5,61,65,3,1,F,N,1920,7.678467226,FWB10,29.89202659,
N10,FWB,20,20,31-12-19,5.2,39,61.5,66.5,3,4,F,N,1920,6.365928006,FWB10,29.89202659,
N10,FWB,40,40,20-01-20,7.4,45,63,70.5,2,0,F,N,1920,7.746042051,FWB10,29.89202659,
N10,FWB,60,70,16-02-20,8.9,47,68,71,3,1,F,N,1920,9.141332798,FWB10,29.89202659,
N10,FWB,10,10,21-12-19,5.8,42,64,67,3,4,F,N,1920,6.959285451,FWB10,29.89202659,
N11,FWB,0,0,11-12-19,6.8,48,49,66,2,NA,M,N,1920,8.494832874,FWB11,33.54366876,
N11,FWB,20,20,31-12-19,9,45,67,74,1,5,M,N,1920,8.273235272,FWB11,33.54366876,
N11,FWB,60,87,07-03-20,13.4,53.5,83,85.5,1,1,M,N,1920,8.362701782,FWB11,33.54366876,
N11,FWB,40,40,20-01-20,10.8,50,74,80,1,1,M,N,1920,8.055315043,FWB11,33.54366876,
N11,FWB,10,10,21-12-19,6.8,44,63.5,68,1,2,M,N,1920,7.841437878,FWB11,33.54366876,
N11,FWB,30,30,10-01-20,9.2,47,73,74,1,13,M,N,1920,8.457084944,FWB11,33.54366876,
N11,FWB,50,50,30-01-20,10.4,47,76,84,1,NA,M,N,1920,6.805868534,FWB11,33.54366876,
N12,FWB,60,74,19-02-20,10.9,50,69,86,2,1,F,N,1920,6.69698166,FWB12,32.22993324,
N12,FWB,0,0,11-12-19,5.8,45,54,63,1,NA,F,N,1920,8.208035827,FWB12,32.22993324,
N12,FWB,40,40,20-01-20,7.5,42,68,73,3,1,F,N,1920,7.150489853,FWB12,32.22993324,
N12,FWB,50,50,30-01-20,8.5,44,68,78,3,7,F,N,1920,6.785101528,FWB12,32.22993324,
N12,FWB,10,10,21-12-19,6.5,43,63,69,1,3,F,N,1920,7.207789895,FWB12,32.22993324,
N12,FWB,20,20,31-12-19,7.2,44.5,63,66,1,5,F,N,1920,8.994528926,FWB12,32.22993324,
N12,FWB,30,30,10-01-20,7.5,44,67.5,75,3,0,F,N,1920,6.65066556,FWB12,32.22993324,
N13,FWB,10,10,21-12-19,4.5,34,59,64,1,5,F,Y,1920,6.10502225,FWB13,29.519469,predation
N13,FWB,0,0,11-12-19,6,42,60,65,2,3,F,Y,1920,7.808610738,FWB13,29.519469,predation
N14,FWB,20,20,01-01-20,5.2,40.5,65.5,67,2,3,F,N,1920,6.239359369,FWB14,34.86206808,
N14,FWB,60,77,27-02-20,9.4,46,73,89,3,1,F,N,1920,5.268126221,FWB14,34.86206808,
N14,FWB,40,40,21-01-20,7.8,45,65.5,72,2,4,F,N,1920,7.716659059,FWB14,34.86206808,
N14,FWB,10,10,22-12-19,5.7,44,61.5,64.5,1,6,F,N,1920,7.573358242,FWB14,34.86206808,
N14,FWB,30,30,11-01-20,7.2,44,66,71,2,8,F,N,1920,7.395235522,FWB14,34.86206808,
N14,FWB,50,50,31-01-20,7.5,41,68,68,2,1,F,N,1920,8.648644718,FWB14,34.86206808,
N14,FWB,0,0,12-12-19,5.1,42,60,62,2,NA,F,N,1920,7.533752265,FWB14,34.86206808,
N15,FWB,10,10,22-12-19,6.9,49,66,71,1,12,M,N,1920,7.087100708,FWB15,37.2399408,
N15,FWB,20,20,01-01-20,6.7,45,70.5,71,1,7,M,N,1920,6.881677499,FWB15,37.2399408,
N15,FWB,30,30,11-01-20,8.3,46,73,74,1,7,M,N,1920,7.629761417,FWB15,37.2399408,
N15,FWB,40,41,22-01-20,9.2,45,74,78,1,4,M,N,1920,7.343874595,FWB15,37.2399408,
N15,FWB,50,51,01-02-20,9.5,51,68,73,1,0,M,N,1920,9.057287147,FWB15,37.2399408,
N15,FWB,60,69,17-02-20,12.4,52.5,73.5,83.5,2,4,M,N,1920,8.245618409,FWB15,37.2399408,
N15,FWB,0,0,12-12-19,6.2,43,65,68,1,NA,M,N,1920,7.1495463,FWB15,37.2399408,
N16,FWB,10,10,22-12-19,6.5,43,66,66,1,0,M,N,1920,8.120060836,FWB16,37.72346785,
N16,FWB,40,40,21-01-20,8.2,47,69,77,2,2,M,N,1920,6.776029459,FWB16,37.72346785,
N16,FWB,20,20,01-01-20,8.1,47,66,71.5,1,5,M,N,1920,8.164576457,FWB16,37.72346785,
N16,FWB,0,0,12-12-19,4.8,36,62,60,1,NA,M,N,1920,7.74214045,FWB16,37.72346785,
N16,FWB,60,75,23-02-20,12.8,50.5,79,89,1,1,M,N,1920,7.173618684,FWB16,37.72346785,
N16,FWB,50,50,01-02-20,10.4,47,72.5,76,1,1,M,N,1920,8.90051586,FWB16,37.72346785,
N16,FWB,30,30,11-01-20,7.8,47,69,75,2,3,M,N,1920,6.916692182,FWB16,37.72346785,
N17,FWB,0,0,12-12-19,5.9,38.5,60,64,3,NA,M,Y,1920,8.004362505,FWB17,28.14138952,infection
N17,FWB,20,20,01-01-20,6.6,44,59,71,3,6,M,Y,1920,6.778965895,FWB17,28.14138952,infection
N17,FWB,40,40,21-01-20,6.7,37,64.5,72,2,0,M,Y,1920,6.628412269,FWB17,28.14138952,infection
N17,FWB,30,30,11-01-20,6.8,42,62,72.5,1,0,M,Y,1920,6.603677307,FWB17,28.14138952,infection
N17,FWB,10,10,23-12-19,6.4,41.5,60,70,2,22,M,Y,1920,6.828342379,FWB17,28.14138952,infection
N18,FWB,0,0,12-12-19,3.5,36,53,53,2,NA,M,Y,1920,7.872775538,FWB18,34.91471455,predation
N19,FWB,60,67,19-02-20,11.2,50,70,78.5,1,0,F,N,1920,8.788515467,FWB19,37.32384317,
N19,FWB,0,0,18-12-19,5,41,60,58,1,NA,F,N,1920,8.832078026,FWB19,37.32384317,
N19,FWB,50,51,07-02-20,8.2,40,70,70,1,0,F,N,1920,8.748813673,FWB19,37.32384317,
N19,FWB,10,10,28-12-19,5.9,42,60.5,68,1,0,F,N,1920,6.803600511,FWB19,37.32384317,
N19,FWB,20,20,07-01-20,5.9,40.5,64,67,1,0,F,N,1920,7.079273131,FWB19,37.32384317,
N19,FWB,40,40,27-01-20,7.8,45,68.5,73,1,1,F,N,1920,7.436509447,FWB19,37.32384317,
N19,FWB,30,30,17-01-20,7.5,43,66,74,2,10,F,N,1920,6.894362726,FWB19,37.32384317,
N2,FWB,0,0,10-12-19,6,41,64,66,2,NA,M,Y,1920,7.495440772,FWB2,41.03883089,MIA
N2,FWB,10,10,20-12-19,6.4,41,62.5,67.5,1,7,M,Y,1920,7.527655831,FWB2,41.03883089,MIA
N20,FWB,10,10,28-12-19,5.3,39,63.5,68.5,1,8,F,Y,1920,5.992839254,FWB20,36.10788582,predation
N20,FWB,0,0,18-12-19,6,40,60.5,62,2,NA,F,Y,1920,8.863237959,FWB20,36.10788582,predation
N21,FWB,50,50,08-02-20,11.6,49,79,78,2,0,M,Y,1920,9.259667968,FWB21,35.49181862,unknown
N21,FWB,0,0,20-12-19,7,44,67,69,3,NA,M,Y,1920,7.762235271,FWB21,35.49181862,unknown
N21,FWB,30,30,19-01-20,8.9,44.5,71,79,1,2,M,Y,1920,6.865858001,FWB21,35.49181862,unknown
N21,FWB,20,20,09-01-20,8.1,43,69,75,3,2,M,Y,1920,7.182718805,FWB21,35.49181862,unknown
N21,FWB,40,40,29-01-20,9.2,49,71,77,2,0,M,Y,1920,7.602374515,FWB21,35.49181862,unknown
N21,FWB,10,10,30-12-19,7.6,46,66,69,2,1,M,Y,1920,8.427569723,FWB21,35.49181862,unknown
N22,FWB,0,0,20-12-19,7.8,46,69,69,1,NA,F,N,1920,8.649347874,FWB22,38.33990521,
N22,FWB,60,64,22-02-20,11.8,49,77,81.5,2,1,F,N,1920,8.373585713,FWB22,38.33990521,
N22,FWB,50,52,10-02-20,9.8,44,78,73,2,0,F,N,1920,9.343306741,FWB22,38.33990521,
N22,FWB,30,30,19-01-20,8.5,48,78,81.5,1,1,F,N,1920,6.031820217,FWB22,38.33990521,
N22,FWB,40,40,29-01-20,9.5,47.5,76.5,80.5,2,1,F,N,1920,6.968316594,FWB22,38.33990521,
N22,FWB,10,10,30-12-19,8.6,47,73,78,1,4,F,N,1920,6.864926252,FWB22,38.33990521,
N22,FWB,20,20,09-01-20,9,51,71,79,3,9,F,N,1920,6.943002473,FWB22,38.33990521,
N23,FWB,0,0,20-12-19,3.2,36,56.5,59,3,NA,M,Y,1920,5.399319932,FWB23,34.21547285,predation
N24,FWB,60,90,19-03-20,12.6,54,79,85,1,1,M,N,1920,7.988061064,FWB24,30.17877428,
N24,FWB,20,20,09-01-20,5.8,39,63,66,1,4,M,N,1920,7.245592746,FWB24,30.17877428,
N24,FWB,0,0,20-12-19,5.9,42,62,63,1,NA,M,N,1920,8.349553686,FWB24,30.17877428,
N24,FWB,10,10,30-12-19,5.4,42,66.5,66.5,1,0,M,N,1920,6.610771391,FWB24,30.17877428,
N24,FWB,30,30,19-01-20,7.5,41.5,66,74,1,1,M,N,1920,6.894362726,FWB24,30.17877428,
N24,FWB,50,51,09-02-20,9.3,46,69.5,71,1,1,M,N,1920,9.552179216,FWB24,30.17877428,
N24,FWB,40,40,29-01-20,8,46,69,73,1,0,M,N,1920,7.627189176,FWB24,30.17877428,
N25,FWB,20,20,09-01-20,7.8,46,67,73,2,6,F,N,1920,7.436509447,FWB25,29.97477325,
N25,FWB,50,51,09-02-20,10.2,50,71,79,3,0,F,N,1920,7.868736136,FWB25,29.97477325,
N25,FWB,0,0,20-12-19,5.5,42,61,59,1,NA,F,N,1920,9.280081133,FWB25,29.97477325,
N25,FWB,40,40,29-01-20,9.8,44,71,78,3,3,F,N,1920,7.822822938,FWB25,29.97477325,
N25,FWB,30,30,19-01-20,7.2,41.5,67,72,2,10,F,N,1920,7.123069901,FWB25,29.97477325,
N25,FWB,10,10,30-12-19,6.1,37,62.5,66,1,4,F,N,1920,7.620364784,FWB25,29.97477325,
N25,FWB,60,64,22-02-20,12,46,72.5,79,3,1,F,N,1920,9.25733663,FWB25,29.97477325,
N3,FWB,10,10,20-12-19,6.1,43,67,68,2,8,M,N,1920,7.034231037,FWB3,39.46846746,
N3,FWB,30,30,09-01-20,7.5,49.5,69.5,77,2,2,M,N,1920,6.19758792,FWB3,39.46846746,
N3,FWB,60,60,10-02-20,11.8,50,78,78,1,1,M,N,1920,9.419317416,FWB3,39.46846746,
N3,FWB,40,40,19-01-20,9,49,70.5,75,1,2,M,N,1920,7.980798672,FWB3,39.46846746,
N3,FWB,20,20,30-12-19,8.2,48.5,65.5,71,1,15,M,N,1920,8.422351566,FWB3,39.46846746,
N3,FWB,50,50,29-01-20,8.6,45,75,75,2,0,M,N,1920,7.626096509,FWB3,39.46846746,
N3,FWB,0,0,10-12-19,5.8,41.5,70,69,1,10,M,N,1920,6.431566368,FWB3,39.46846746,
N4,FWB,60,63,12-02-20,12.6,50,74,85,2,NA,M,N,1920,7.988061064,FWB4,39.04970388,
N4,FWB,50,50,29-01-20,10.6,52,65,79,1,1,M,N,1920,8.177314024,FWB4,39.04970388,
N4,FWB,20,20,30-12-19,6,43,61,65.5,1,10,M,N,1920,7.649825878,FWB4,39.04970388,
N4,FWB,40,40,19-01-20,9.9,47,69,76,2,3,M,N,1920,8.472606443,FWB4,39.04970388,
N4,FWB,30,30,09-01-20,7.4,45.5,69,73.5,1,3,M,N,1920,6.927211957,FWB4,39.04970388,
N4,FWB,0,0,10-12-19,6.2,41.5,65,64,1,NA,M,N,1920,8.411363989,FWB4,39.04970388,
N4,FWB,10,10,20-12-19,6,43,64,64,2,4,M,N,1920,8.140029667,FWB4,39.04970388,
N5,FWB,40,40,19-01-20,10.8,51.5,76,86,3,10,M,N,1920,6.635541462,FWB5,39.15439478,
N5,FWB,10,10,19-12-19,5.8,44,59,68,2,3,M,N,1920,6.688285249,FWB5,39.15439478,
N5,FWB,20,20,30-12-19,6.9,44,67,74,3,8,M,N,1920,6.342813708,FWB5,39.15439478,
N5,FWB,60,73,21-02-20,10.2,47,76.5,81,3,3,M,N,1920,7.358594204,FWB5,39.15439478,
N5,FWB,30,30,09-01-20,8.9,44.5,74,79,3,5,M,N,1920,6.865858001,FWB5,39.15439478,
N5,FWB,50,50,29-01-20,10.9,51,74,82,3,0,M,N,1920,7.60912232,FWB5,39.15439478,
N5,FWB,0,0,10-12-19,5.2,37.5,64,61,1,NA,M,N,1920,8.023749291,FWB5,39.15439478,
N6,FWB,60,62,10-02-20,14.7,51,83,83.5,3,2,M,N,1920,9.77504763,FWB6,51.29853861,
N6,FWB,0,0,10-12-19,6.4,47,68,66,2,NA,M,N,1920,7.995136823,FWB6,51.29853861,
N6,FWB,40,40,19-01-20,11.2,52,81,84,3,5,M,N,1920,7.329396883,FWB6,51.29853861,
N6,FWB,30,30,09-01-20,11.2,49,73,87,3,1,M,N,1920,6.671290535,FWB6,51.29853861,
N6,FWB,20,20,30-12-19,10.7,53.5,71.5,77,2,2,M,N,1920,8.841892099,FWB6,51.29853861,
N6,FWB,50,50,29-01-20,10.3,52.5,72,82,3,3,M,N,1920,7.19027155,FWB6,51.29853861,
N6,FWB,10,10,20-12-19,8.4,68,47,73,NA,1,M,N,1920,8.008548635,FWB6,51.29853861,
N7,FWB,10,10,20-12-19,7.9,48,65.5,68,2,3,M,N,1920,9.10990577,FWB7,34.60778886,
N7,FWB,60,64,14-02-20,12.8,45,76,85,1,3,M,N,1920,8.114855684,FWB7,34.60778886,
N7,FWB,0,0,10-12-19,6.5,40,66.5,65,1,NA,M,N,1920,8.4593283,FWB7,34.60778886,
N7,FWB,40,40,19-01-20,10.7,49,73,83.5,3,7,M,N,1920,7.115170724,FWB7,34.60778886,
N7,FWB,30,30,09-01-20,11.3,49.5,72.5,81,2,0,M,N,1920,8.152168088,FWB7,34.60778886,
N7,FWB,20,20,30-12-19,9.5,48,69,76,3,1,M,N,1920,8.13027891,FWB7,34.60778886,
N7,FWB,50,53,01-02-20,10.8,45,79,78,1,NA,M,N,1920,8.621070177,FWB7,34.60778886,
N8,FWB,60,68,17-02-20,14.2,56.5,74,87,2,1,M,N,1920,8.458243357,FWB8,31.9793492,
N8,FWB,40,40,19-01-20,10.8,50.5,72.5,73.5,2,0,M,N,1920,10.10998502,FWB8,31.9793492,
N8,FWB,20,20,30-12-19,7.5,46,65,74,2,14,M,N,1920,6.894362726,FWB8,31.9793492,
N8,FWB,50,50,29-01-20,13,49,75,81.5,2,0,M,N,1920,9.225136802,FWB8,31.9793492,
N8,FWB,30,30,09-01-20,8.5,49,69,76.5,2,4,M,N,1920,7.147689721,FWB8,31.9793492,
N8,FWB,10,10,20-12-19,7,41,63,73,3,4,M,N,1920,6.673790529,FWB8,31.9793492,
N8,FWB,0,0,10-12-19,5.8,42,67,65,2,NA,M,N,1920,7.548323714,FWB8,31.9793492,
N9,FWB,60,58,11-02-20,9.6,51,69,73,2,1,M,N,1920,9.152627011,FWB9,34.73691164,
N9,FWB,50,51,30-01-20,8,42,67,69,2,1,M,N,1920,8.871126024,FWB9,34.73691164,
N9,FWB,40,40,19-01-20,7.7,43,64,76,2,1,M,N,1920,6.589805012,FWB9,34.73691164,
N9,FWB,0,0,10-12-19,5.5,41,62.5,63.5,1,NA,M,N,1920,7.62025645,FWB9,34.73691164,
N9,FWB,30,30,09-01-20,7,44,61,77,2,6,M,N,1920,5.784415392,FWB9,34.73691164,
N9,FWB,20,20,30-12-19,5.9,41,64,69,1,6,M,N,1920,6.542455443,FWB9,34.73691164,
N9,FWB,10,10,20-12-19,6.1,41,57,70,2,9,M,N,1920,6.50826383,FWB9,34.73691164,
T1,SSB,0,0,28-11-19,5.2,43,58.4,64.5,3,1,F,N,1920,6.909028572,SSB1,34.85381169,
T1,SSB,60,63,30-01-20,11,46,74,80,3,1,F,N,1920,8.204487544,SSB1,34.85381169,
T1,SSB,50,52,19-01-20,8.7,43,72,85,3,5,F,N,1920,5.515565973,SSB1,34.85381169,
T1,SSB,30,30,28-12-19,8.1,47,62,77,3,4,F,N,1920,6.693394954,SSB1,34.85381169,
T1,SSB,40,40,07-01-20,8.8,45.5,70.5,79.5,3,1,F,N,1920,6.67484886,SSB1,34.85381169,
T1,SSB,20,20,18-12-19,6.5,40.5,61,72,3,11,F,N,1920,6.430549216,SSB1,34.85381169,
T1,SSB,10,10,08-12-19,5,38.5,57,64.5,3,6,F,N,1920,6.643296703,SSB1,34.85381169,
T10,SSB,50,50,25-01-20,9.1,49.5,76,82,3,3,F,N,1920,6.35257001,SSB10,34.09437474,
T10,SSB,10,10,16-12-19,7.2,46,63.5,65,3,5,F,N,1920,9.370332886,SSB10,34.09437474,
T10,SSB,0,0,06-12-19,5.6,39,58,64,2,5,F,N,1920,7.597361022,SSB10,34.09437474,
T10,SSB,30,30,05-01-20,8.9,46,70.5,79.5,1,3,F,N,1920,6.750699415,SSB10,34.09437474,
T10,SSB,20,20,26-12-19,7.4,47.5,68,73.5,2,1,F,N,1920,6.927211957,SSB10,34.09437474,
T10,SSB,60,66,10-02-20,9.8,45,80,86,3,10,F,N,1920,6.021139474,SSB10,34.09437474,
T10,SSB,40,40,15-01-20,8.8,47,72,78,3,13,F,N,1920,7.0245757,SSB10,34.09437474,
T11,SSB,40,40,16-01-20,7.4,41,67,76.5,1,NA,F,N,1920,6.222694581,SSB11,35.85383879,
T11,SSB,0,0,07-12-19,4.6,39,63,60,1,NA,F,N,1920,7.419551265,SSB11,35.85383879,
T11,SSB,60,67,12-02-20,8.6,41.5,76.5,80,1,7,F,N,1920,6.414417535,SSB11,35.85383879,
T11,SSB,10,10,17-12-19,5.2,41.5,60,62.5,1,NA,F,N,1920,7.517826313,SSB11,35.85383879,
T11,SSB,30,30,06-01-20,6.3,38.5,66,69,2,4,F,N,1920,6.986011744,SSB11,35.85383879,
T11,SSB,20,20,27-12-19,5.8,38,58,64.5,1,3,F,N,1920,7.706224176,SSB11,35.85383879,
T11,SSB,50,50,26-01-20,7.4,43,70,78,1,4,F,N,1920,5.907029566,SSB11,35.85383879,
T12,SSB,10,10,17-12-19,7.1,45,62,71,3,5,F,N,1920,7.292523917,SSB12,34.66980306,
T12,SSB,40,40,16-01-20,9.8,44,77,77,3,3,F,N,1920,8.098181549,SSB12,34.66980306,
T12,SSB,0,0,07-12-19,6.8,43,63,69,3,5,F,N,1920,7.540457121,SSB12,34.66980306,
T12,SSB,20,20,27-12-19,8.1,44.5,69,73,3,8,F,N,1920,7.722529041,SSB12,34.66980306,
T12,SSB,30,30,06-01-20,9.5,45,70,77.5,3,3,F,N,1920,7.715228657,SSB12,34.66980306,
T12,SSB,50,51,27-01-20,11,50.5,80,85,3,0,F,N,1920,6.973704104,SSB12,34.66980306,
T13,SSB,50,50,27-01-20,9.2,46,74.5,78.5,2,4,M,N,1920,7.219137705,SSB13,38.67591989,
T13,SSB,10,10,18-12-19,7.1,48.5,70.5,73,1,11,M,N,1920,6.769130394,SSB13,38.67591989,
T13,SSB,60,80,26-02-20,10.4,45,78,78,2,5,M,N,1920,8.301771282,SSB13,38.67591989,
T13,SSB,20,20,28-12-19,8.3,46,72,70.5,1,6,M,N,1920,8.688128246,SSB13,38.67591989,
T13,SSB,40,40,17-01-20,8.9,44,77,77,1,6,M,N,1920,7.354470998,SSB13,38.67591989,
T13,SSB,0,0,08-12-19,6.4,43,67,69.5,3,3,M,N,1920,6.960843666,SSB13,38.67591989,
T13,SSB,30,30,07-01-20,9.4,48,76,75,1,5,M,N,1920,8.335500835,SSB13,38.67591989,
T14,SSB,10,10,19-12-19,5.7,42,57,65.5,3,10,F,N,1920,7.267334585,SSB14,33.10732481,
T14,SSB,0,0,09-12-19,5.7,53.5,58,64,3,6,F,N,1920,7.733028183,SSB14,33.10732481,
T14,SSB,20,20,29-12-19,8.3,48,65,68,3,7,F,N,1920,9.571166821,SSB14,33.10732481,
T14,SSB,50,50,28-01-20,8.8,45,71.5,75,3,4,F,N,1920,7.80344759,SSB14,33.10732481,
T14,SSB,30,30,08-01-20,8.8,49,66,75,2,0,F,N,1920,7.80344759,SSB14,33.10732481,
T14,SSB,60,69,16-02-20,11,49,72,82.5,3,5,F,N,1920,7.554794389,SSB14,33.10732481,
T14,SSB,40,40,18-01-20,8.8,44.5,70,76,3,1,F,N,1920,7.531205727,SSB14,33.10732481,
T15,SSB,30,30,10-01-20,8.8,47,66.5,75,3,3,F,N,1920,7.80344759,SSB15,39.59117761,
T15,SSB,20,20,31-12-19,8.6,46,65,67,3,4,F,N,1920,10.3189405,SSB15,39.59117761,
T15,SSB,50,50,30-01-20,9.5,45,77,77,3,5,F,N,1920,7.850278032,SSB15,39.59117761,
T15,SSB,0,0,11-12-19,6.1,43,61.5,65,2,9,F,N,1920,7.938754251,SSB15,39.59117761,
T15,SSB,60,61,10-02-20,8.9,47,76,79,3,3,F,N,1920,6.865858001,SSB15,39.59117761,
T15,SSB,40,40,20-01-20,10.4,47,75,80,3,2,F,N,1920,7.756970042,SSB15,39.59117761,
T15,SSB,10,10,21-12-19,6.5,47,62.5,69,2,12,F,N,1920,7.207789895,SSB15,39.59117761,
T16,SSB,30,30,15-01-20,9.2,45,64,76,3,4,M,N,1920,7.873533261,SSB16,34.94298975,
T16,SSB,50,50,06-02-20,11,48,76.5,78,2,1,M,N,1920,8.780719625,SSB16,34.94298975,
T16,SSB,10,10,26-12-19,7.5,43,63,70,2,8,M,N,1920,8.001963725,SSB16,34.94298975,
T16,SSB,40,40,25-01-20,10.5,53.5,74,78,2,0,M,N,1920,8.381596005,SSB16,34.94298975,
T16,SSB,0,0,16-12-19,6.5,43.5,63,70,3,8,M,N,1920,6.935035229,SSB16,34.94298975,
T16,SSB,60,69,23-02-20,13.2,49.5,74.5,88.5,2,3,M,N,1920,7.510380737,SSB16,34.94298975,
T16,SSB,20,20,05-01-20,9.1,44.5,68,74.5,2,4,M,N,1920,8.215491006,SSB16,34.94298975,
T17,SSB,0,0,19-12-19,4.8,57,38,63,1,2,M,Y,1920,6.792857236,SSB17,37.29647355,starvation
T18,SSB,10,10,29-12-19,7.5,43,63,69,3,4,M,N,1920,8.316680648,SSB18,32.20780945,
T18,SSB,40,40,28-01-20,8,44,62,73.5,2,2,M,N,1920,7.488877791,SSB18,32.20780945,
T18,SSB,0,0,19-12-19,6.1,48,60.5,65.5,3,7,M,N,1920,7.777322976,SSB18,32.20780945,
T18,SSB,60,71,28-02-20,10,44.5,73,81.5,2,11,M,N,1920,7.096259078,SSB18,32.20780945,
T18,SSB,30,30,18-01-20,7.5,48,67,71,1,6,M,N,1920,7.703370335,SSB18,32.20780945,
T18,SSB,50,51,08-02-20,8.8,46,71.5,75,2,1,M,N,1920,7.80344759,SSB18,32.20780945,
T18,SSB,20,20,08-01-20,6.4,43,63,70.5,2,3,M,N,1920,6.699279612,SSB18,32.20780945,
T19,SSB,60,76,05-03-20,10.9,45,76,80,2,1,M,N,1920,8.129901294,SSB19,31.18797244,
T19,SSB,0,0,20-12-19,5.2,31,57,62.5,2,8,M,N,1920,7.517826313,SSB19,31.18797244,
T19,SSB,50,50,08-02-20,7.6,41,74,71,2,6,M,N,1920,7.80608194,SSB19,31.18797244,
T19,SSB,30,30,19-01-20,6.5,39,69,72,2,1,M,N,1920,6.430549216,SSB19,31.18797244,
T19,SSB,10,10,30-12-19,5.8,41,60,68,1,1,M,N,1920,6.688285249,SSB19,31.18797244,
T19,SSB,40,39,28-01-20,8,42,61,74,2,3,M,N,1920,7.353986908,SSB19,31.18797244,
T19,SSB,20,20,09-01-20,6,40,68,68,2,3,M,N,1920,6.918915774,SSB19,31.18797244,
T2,SSB,60,64,04-02-20,11.8,50,74,83,1,NA,F,N,1920,7.974007425,SSB2,24.05565375,
T2,SSB,0,0,02-12-19,5.2,39,61,63.5,3,11,F,N,1920,7.204606098,SSB2,24.05565375,
T2,SSB,50,50,21-01-20,10.2,48,75,78,1,0,F,N,1920,8.142121834,SSB2,24.05565375,
T2,SSB,20,20,22-12-19,7.5,44,66.5,68,1,5,F,N,1920,8.648644718,SSB2,24.05565375,
T2,SSB,40,40,11-01-20,9.4,49,63,73.5,2,3,F,N,1920,8.799431405,SSB2,24.05565375,
T2,SSB,10,10,12-12-19,4.9,39,59,63.5,2,9,F,N,1920,6.788955746,SSB2,24.05565375,
T2,SSB,30,30,02-01-20,8.1,46,68,72.5,2,4,F,N,1920,7.866145028,SSB2,24.05565375,
T20,SSB,0,0,21-12-19,5.6,41,60,65,1,11,M,N,1920,7.288036689,SSB20,29.5884649,
T20,SSB,50,53,12-02-20,9.6,45,71.5,71,1,0,M,N,1920,9.860314029,SSB20,29.5884649,
T20,SSB,40,40,30-01-20,9,44,68,71,1,6,M,N,1920,9.244044402,SSB20,29.5884649,
T20,SSB,30,30,20-01-20,8.5,44,67,73.5,1,8,M,N,1920,7.956932653,SSB20,29.5884649,
T20,SSB,60,73,03-03-20,10.6,46,71,77,1,3,M,N,1920,8.759257594,SSB20,29.5884649,
T20,SSB,10,10,31-12-19,6,40,64,66,1,3,M,N,1920,7.495440772,SSB20,29.5884649,
T20,SSB,20,20,10-01-20,6.5,41,63,66.5,1,3,M,N,1920,7.957410008,SSB20,29.5884649,
T21,SSB,0,0,21-12-19,5,39,60.5,62.5,3,11,F,Y,1920,7.228679147,SSB21,26.25912945,predation
T21,SSB,30,30,20-01-20,5.6,38.5,62,71,2,3,F,Y,1920,5.75184985,SSB21,26.25912945,predation
T21,SSB,10,10,31-12-19,4.3,38,57,61,1,0,F,Y,1920,6.635023452,SSB21,26.25912945,predation
T21,SSB,20,20,10-01-20,5.4,43,58,64,2,3,F,Y,1920,7.3260267,SSB21,26.25912945,predation
T22,SSB,0,0,22-12-19,4.1,31,57,59,1,2,F,Y,1920,6.917878663,SSB22,31.78228544,MIA
T23,SSB,10,10,02-01-20,5.9,40,62.5,66.5,1,7,F,N,1920,7.222879853,SSB23,32.28609218,MIA
T23,SSB,30,30,22-01-20,6,40.5,63,67,1,7,F,N,1920,7.199260811,SSB23,32.28609218,MIA
T23,SSB,60,79,11-03-20,9.7,46,72,76,1,3,F,N,1920,8.301442677,SSB23,32.28609218,MIA
T23,SSB,20,20,12-01-20,6,39,65.5,69,1,3,F,N,1920,6.653344518,SSB23,32.28609218,MIA
T23,SSB,0,0,23-12-19,5.4,42.5,61,66,1,5,F,N,1920,6.745896694,SSB23,32.28609218,MIA
T23,SSB,40,42,03-01-20,6.7,41,67,71,1,2,F,N,1920,6.881677499,SSB23,32.28609218,MIA
T23,SSB,50,51,12-02-20,6.8,43,67,75,1,0,F,N,1920,6.029936774,SSB23,32.28609218,MIA
T24,SSB,10,10,02-01-20,5.1,37,63,65,1,4,F,Y,1920,6.637319128,SSB24,39.6944122,MIA
T24,SSB,0,0,23-12-19,6.3,41,65,65,3,0,F,Y,1920,8.199041275,SSB24,39.6944122,MIA
T24,SSB,30,30,22-01-20,5,36,63,66.5,2,3,F,Y,1920,6.121084621,SSB24,39.6944122,MIA
T24,SSB,20,20,12-01-20,5,37,65,68,3,2,F,Y,1920,5.765763145,SSB24,39.6944122,MIA
T25,SSB,60,63,24-02-20,10.5,45,74,78,2,1,M,N,1920,8.381596005,SSB25,35.39897978,
T25,SSB,10,10,02-01-20,7,44.5,62.5,65,2,4,M,N,1920,9.110045862,SSB25,35.39897978,
T25,SSB,20,20,12-01-20,8.2,49.5,60.5,67,3,4,M,N,1920,9.838989775,SSB25,35.39897978,
T25,SSB,0,0,23-12-19,5.8,39,61.5,65.5,3,7,M,N,1920,7.394831683,SSB25,35.39897978,
T25,SSB,30,30,22-01-20,7.9,45,68,71,2,4,M,N,1920,8.114216753,SSB25,35.39897978,
T3,SSB,40,40,11-01-20,10.4,50,75,77.5,1,6,M,N,1920,8.446145056,SSB3,33.16112149,
T3,SSB,0,0,02-12-19,7.7,47,63,68,2,8,M,N,1920,8.879275244,SSB3,33.16112149,
T3,SSB,10,10,12-12-19,7.1,45,71,76,1,3,M,N,1920,6.076313712,SSB3,33.16112149,
T3,SSB,30,30,02-01-20,8.6,45,73.5,78,1,4,M,N,1920,6.864926252,SSB3,33.16112149,
T3,SSB,20,20,22-12-19,7.9,43,71,71.5,1,5,M,N,1920,7.962981976,SSB3,33.16112149,
T3,SSB,60,86,26-02-20,10,44,85,91,2,0,M,N,1920,5.28023111,SSB3,33.16112149,
T3,SSB,50,51,22-01-20,11.4,49,77,86,1,3,M,N,1920,7.004182654,SSB3,33.16112149,
T4,SSB,0,0,03-12-19,4.8,42.5,56,63.5,2,2,M,N,1920,6.650405629,SSB4,40.7277297,
T4,SSB,40,40,12-01-20,10.2,45,74,81,3,1,M,N,1920,7.358594204,SSB4,40.7277297,
T4,SSB,10,10,13-12-19,5.5,38,63,68,2,0,M,N,1920,6.34233946,SSB4,40.7277297,
T4,SSB,60,73,14-02-20,14.2,51,82.5,89.5,3,15,M,N,1920,7.839596445,SSB4,40.7277297,
T4,SSB,50,50,22-01-20,11.6,50.5,73,83,3,9,M,N,1920,7.838854757,SSB4,40.7277297,
T4,SSB,30,30,02-01-20,7.8,45,68.5,76,2,6,M,N,1920,6.675386895,SSB4,40.7277297,
T4,SSB,20,20,23-12-19,6.5,41,69,79,3,5,M,N,1920,5.014390675,SSB4,40.7277297,
T5,SSB,20,20,23-12-19,5,38,58,67,2,2,F,N,1920,5.999384009,SSB5,40.02537346,
T5,SSB,10,10,13-12-19,4.9,34,58,63,1,7,F,N,1920,6.934375095,SSB5,40.02537346,
T5,SSB,30,30,02-01-20,5.9,40,57,65.5,2,2,F,N,1920,7.522328781,SSB5,40.02537346,
T5,SSB,0,0,03-12-19,6.4,48,61.5,67.5,3,9,F,N,1920,7.527655831,SSB5,40.02537346,
T5,SSB,50,50,22-01-20,7.4,42,63,70,2,2,F,N,1920,7.895270876,SSB5,40.02537346,
T5,SSB,40,40,12-01-20,6.4,45,60,67.5,2,4,F,N,1920,7.527655831,SSB5,40.02537346,
T5,SSB,60,70,11-02-20,8,42.5,64.5,73,2,0,F,N,1920,7.627189176,SSB5,40.02537346,
T6,SSB,40,40,13-01-20,9.7,48,76.5,80.5,2,6,F,N,1920,7.115017996,SSB6,31.4966982,
T6,SSB,10,10,14-12-19,6.9,44,61,68,1,3,F,N,1920,7.95675314,SSB6,31.4966982,
T6,SSB,0,0,04-12-19,6.2,43.5,62,64,2,2,F,N,1920,8.411363989,SSB6,31.4966982,
T6,SSB,50,50,23-01-20,8.5,42.5,69,78,1,6,F,N,1920,6.785101528,SSB6,31.4966982,
T6,SSB,20,20,24-12-19,6.8,47,67,71.5,1,7,F,N,1920,6.854212334,SSB6,31.4966982,
T6,SSB,60,85,27-02-20,12.4,57,77,81,2,7,F,N,1920,8.945741973,SSB6,31.4966982,
T6,SSB,30,30,03-01-20,9.4,47,69,73.5,1,3,F,N,1920,8.799431405,SSB6,31.4966982,
T7,SSB,10,10,15-12-19,6.9,44.5,60,66.5,3,0,F,N,1920,8.447096777,SSB7,40.20653155,
T7,SSB,40,40,14-01-20,8.6,46,68,75,3,3,F,N,1920,7.626096509,SSB7,40.20653155,
T7,SSB,60,63,06-02-20,10.2,50,75,79,3,2,F,N,1920,7.868736136,SSB7,40.20653155,
T7,SSB,50,53,27-01-20,10.8,49,74,76,3,6,F,N,1920,9.242843393,SSB7,40.20653155,
T7,SSB,0,0,05-12-19,7,47,61,69,3,3,F,N,1920,7.762235271,SSB7,40.20653155,
T7,SSB,30,30,04-01-20,7.5,44,68,73,3,5,F,N,1920,7.150489853,SSB7,40.20653155,
T7,SSB,20,20,25-12-19,7,43,65,68,3,5,F,N,1920,8.072068403,SSB7,40.20653155,
T8,SSB,30,30,04-01-20,10.2,48,72,78,2,2,M,N,1920,8.142121834,SSB8,34.38088209,
T8,SSB,10,10,15-12-19,8.2,54,68,74,1,12,M,N,1920,7.537836581,SSB8,34.38088209,
T8,SSB,60,75,18-02-20,15.5,58,80,88,3,1,M,N,1920,8.953989715,SSB8,34.38088209,
T8,SSB,50,53,27-01-20,12.2,53,78,86,3,2,M,N,1920,7.495704244,SSB8,34.38088209,
T8,SSB,40,40,14-01-20,10.8,49,75,83,2,6,M,N,1920,7.298244084,SSB8,34.38088209,
T8,SSB,0,0,05-12-19,6,42,57,65,3,3,M,N,1920,7.808610738,SSB8,34.38088209,
T8,SSB,20,20,25-12-19,9.8,51,68.5,76.5,2,4,M,N,1920,8.240865796,SSB8,34.38088209,
T9,SSB,10,10,16-12-19,7,44,64.5,66,2,2,F,N,1920,8.7446809,SSB9,39.12473206,
T9,SSB,0,0,06-12-19,5.8,43.5,60,67,2,3,F,N,1920,6.959285451,SSB9,39.12473206,
T9,SSB,30,30,05-01-20,8.4,45,69,73,3,5,F,N,1920,8.008548635,SSB9,39.12473206,
T9,SSB,40,40,15-01-20,9.2,45,78,79.5,1,9,F,N,1920,6.978251081,SSB9,39.12473206,
T9,SSB,50,50,25-01-20,9.1,45.5,75,83.5,2,2,F,N,1920,6.051219961,SSB9,39.12473206,
T9,SSB,60,89,04-03-20,10.5,47.5,82,84,2,11,F,N,1920,6.871309578,SSB9,39.12473206,
T9,SSB,20,20,26-12-19,6.4,45,62,63.5,1,8,F,N,1920,8.867207505,SSB9,39.12473206,
C1,FWB,0,0,10-12-18,6.6,42,66,69,NA,NA,M,N,1819,7.31867897,F1,30.90370193,
C1,FWB,10,12,22-12-18,7.9,46,68,68,1,7,M,N,1819,9.10990577,F1,30.90370193,
C1,FWB,20,20,30-12-18,7.6,45.5,76,78,2,7,M,N,1819,6.066679013,F1,30.90370193,
C1,FWB,30,30,09-01-19,9.5,50,75,79,3,2,M,N,1819,7.328724832,F1,30.90370193,
C1,FWB,40,40,19-01-19,9.2,52,71,72.5,2,6,M,N,1819,8.934386945,F1,30.90370193,
C1,FWB,60,54,02-02-19,12.8,NA,NA,NA,2,NA,M,N,1819,NA,F1,30.90370193,
C10,FWB,0,0,18-12-18,5.3,42,61.5,63,NA,NA,F,N,1819,7.500446531,F10,34.36521964,
C10,FWB,10,10,28-12-18,5,41,61.5,63,1,8,F,N,1819,7.075892954,F10,34.36521964,
C10,FWB,20,20,07-01-19,7.2,42,65,76,2,2,F,N,1819,6.161895595,F10,34.36521964,
C10,FWB,30,30,17-01-19,6,45,64,69,1,12,F,N,1819,6.653344518,F10,34.36521964,
C10,FWB,40,39,26-01-19,8.5,49,68,73,1,1,F,N,1819,8.1038885,F10,34.36521964,
C10,FWB,60,53,09-02-19,9.1,NA,NA,NA,2,NA,F,N,1819,NA,F10,34.36521964,
C11,FWB,0,0,18-12-18,6.7,44.5,71,72,NA,NA,F,Y,1819,6.628412269,F11,33.51120178,predation
C11,FWB,10,10,28-12-18,5.8,42.5,66,69.5,2,6,F,Y,1819,6.308264573,F11,33.51120178,predation
C11,FWB,20,20,07-01-19,6.2,45,70.5,73,1,0,F,Y,1819,5.911071612,F11,33.51120178,predation
C12,FWB,0,0,18-12-18,4.9,42.5,60,61.5,NA,NA,F,N,1819,7.39716287,F12,33.28893181,
C12,FWB,10,10,28-12-18,5.4,44.5,63,65.5,2,4,F,N,1819,6.884843291,F12,33.28893181,
C12,FWB,20,20,07-01-19,5.9,44,62.5,68,2,10,F,N,1819,6.803600511,F12,33.28893181,
C12,FWB,30,30,17-01-19,6,44,59,66,2,4,F,N,1819,7.495440772,F12,33.28893181,
C12,FWB,40,39,26-01-19,5,41.5,58,68,2,0,F,N,1819,5.765763145,F12,33.28893181,
C12,FWB,60,55,11-02-19,5.8,NA,NA,NA,2,NA,F,N,1819,NA,F12,33.28893181,
C13,FWB,0,0,18-12-18,5.7,42,63.5,66,NA,NA,F,N,1819,7.120668733,F13,34.47429437,
C13,FWB,10,10,28-12-18,5.9,42,66,64,2,4,F,N,1819,8.004362505,F13,34.47429437,
C13,FWB,20,20,07-01-19,8.9,50,69.5,73,2,2,F,N,1819,8.485247959,F13,34.47429437,
C13,FWB,30,30,17-01-19,8.2,53,71,71,2,7,F,N,1819,8.422351566,F13,34.47429437,
C13,FWB,40,40,27-01-19,8.5,45.5,66.5,76,3,0,F,N,1819,7.274460078,F13,34.47429437,
C13,FWB,60,50,06-02-19,9.5,NA,NA,NA,2,NA,F,N,1819,NA,F13,34.47429437,
C14,FWB,0,0,20-12-18,4.9,39,64,63,NA,NA,M,N,1819,6.934375095,F14,33.96092294,
C14,FWB,10,10,30-12-18,6.6,42,68,71,1,8,M,N,1819,6.778965895,F14,33.96092294,
C14,FWB,20,20,09-01-19,7.9,45,68,73,2,9,M,N,1819,7.531849311,F14,33.96092294,
C14,FWB,30,30,19-01-19,9.2,56,70,76.5,1,0,M,N,1819,7.736322992,F14,33.96092294,
C14,FWB,40,39,28-01-19,10.8,51,77,78,2,8,M,N,1819,8.621070177,F14,33.96092294,
C14,FWB,60,49,07-02-19,10,NA,NA,NA,2,NA,M,N,1819,NA,F14,33.96092294,
C15,FWB,0,0,20-12-18,5.1,43,64,64,NA,NA,M,Y,1819,6.919025217,F15,29.62752332,predation
C15,FWB,10,10,30-12-18,5.3,43,66,64,1,9,M,Y,1819,7.190359539,F15,29.62752332,predation
C15,FWB,20,20,09-01-19,6.1,44,66,69.5,1,0,M,Y,1819,6.63455412,F15,29.62752332,predation
C16,FWB,0,0,20-12-18,6.4,44,69,69,NA,NA,M,Y,1819,7.09690082,F16,33.61686249,predation
C16,FWB,10,10,30-12-18,7.6,47,68,72.5,2,6,M,Y,1819,7.38058052,F16,33.61686249,predation
C16,FWB,20,20,09-01-19,7.7,NA,NA,NA,NA,1,M,Y,1819,NA,F16,33.61686249,predation
C16,FWB,30,30,19-01-19,7.2,47,66,NA,1,15,M,Y,1819,NA,F16,33.61686249,predation
C17,FWB,0,0,20-12-18,5.5,41,62,64,NA,NA,M,N,1819,7.461693861,F17,34.76951634,
C17,FWB,10,10,30-12-18,5.3,40,63,64,1,3,M,N,1819,7.190359539,F17,34.76951634,
C17,FWB,20,20,09-01-19,7.4,48,65,68.5,2,2,M,N,1819,8.367360467,F17,34.76951634,
C17,FWB,30,30,19-01-19,7.9,45.5,63,69,1,16,M,N,1819,8.760236949,F17,34.76951634,
C17,FWB,40,39,28-01-19,8.4,48.5,67.5,72,2,2,M,N,1819,8.310248217,F17,34.76951634,
C17,FWB,60,53,11-02-19,7.8,NA,NA,NA,2,NA,M,N,1819,NA,F17,34.76951634,
C18,FWB,0,0,20-12-18,5.2,41,60,64,NA,NA,F,N,1819,7.054692378,F18,32.28609218,
C18,FWB,10,10,30-12-18,5.1,42.5,62,65,2,2,F,N,1819,6.637319128,F18,32.28609218,
C18,FWB,20,20,09-01-19,5.8,44.5,68,69,3,6,F,N,1819,6.431566368,F18,32.28609218,
C18,FWB,30,30,19-01-19,8.3,52,70,74,2,7,F,N,1819,7.629761417,F18,32.28609218,
C18,FWB,40,40,29-01-19,9.8,57,68,76,2,1,F,N,1819,8.38702456,F18,32.28609218,
C18,FWB,60,53,11-02-19,9.6,NA,NA,NA,2,NA,F,N,1819,NA,F18,32.28609218,
C19,FWB,0,0,20-12-18,7.3,46.5,69,70,NA,NA,F,N,1819,7.788578026,F19,35.14490169,
C19,FWB,10,10,30-12-18,6.9,44.5,70,74,2,6,F,N,1819,6.342813708,F19,35.14490169,
C19,FWB,20,20,09-01-19,10.7,49.5,69.5,79,1,20,F,N,1819,8.254458496,F19,35.14490169,
C19,FWB,30,31,20-01-19,10,53,78,85,2,6,F,N,1819,6.339731003,F19,35.14490169,
C19,FWB,40,39,28-01-19,12.6,46,78,82.5,2,6,F,N,1819,8.653673572,F19,35.14490169,
C19,FWB,60,47,05-02-19,9.6,NA,NA,NA,2,NA,F,N,1819,NA,F19,35.14490169,
C2,FWB,0,0,11-12-18,4.2,37.5,60,59,NA,NA,F,Y,1819,7.086607411,F2,35.44230443,MIA
C2,FWB,10,10,21-12-18,4.5,38.5,58,58.5,1,11,F,Y,1819,7.768031392,F2,35.44230443,MIA
C2,FWB,20,20,31-12-18,4.9,42,60,65,2,2,F,Y,1819,6.377032103,F2,35.44230443,MIA
C20,FWB,0,0,20-12-18,5,41,62,66,NA,NA,M,Y,1819,6.246200643,F20,37.01558999,starvation; mother died
C21,FWB,0,0,21-12-18,6.1,65.5,66,68,NA,NA,M,N,1819,7.034231037,F21,31.16884785,
C21,FWB,10,10,31-12-18,6,45,66,69,2,6,M,N,1819,6.653344518,F21,31.16884785,
C21,FWB,20,20,10-01-19,5.7,45,66.5,69.5,2,5,M,N,1819,6.19950139,F21,31.16884785,
C21,FWB,30,29,19-01-19,5.8,44.5,67,72,1,1,M,N,1819,5.738028531,F21,31.16884785,
C21,FWB,40,40,30-01-19,8.4,52,70.5,75,2,6,M,N,1819,7.448745427,F21,31.16884785,
C21,FWB,60,55,14-02-19,10.8,NA,NA,NA,2,NA,M,N,1819,NA,F21,31.16884785,
C22,FWB,0,0,21-12-18,5.1,40,66,65,NA,NA,M,N,1819,6.637319128,F22,35.37596139,
C22,FWB,10,10,31-12-18,5.7,41,65,69,1,2,M,N,1819,6.320677292,F22,35.37596139,
C22,FWB,20,20,10-01-19,6.1,42.5,62,67.5,1,3,M,N,1819,7.174796964,F22,35.37596139,
C22,FWB,30,29,19-01-19,6.2,42,64,71,1,0,M,N,1819,6.368119477,F22,35.37596139,
C22,FWB,40,40,30-01-19,6.1,46,64,69.5,1,1,M,N,1819,6.63455412,F22,35.37596139,
C22,FWB,60,47,06-02-19,6,NA,NA,NA,1,NA,M,N,1819,NA,F22,35.37596139,
C23,FWB,0,0,21-12-18,5.5,42.5,63,64,NA,NA,F,Y,1819,7.461693861,F23,41.51579282,MIA
C23,FWB,10,10,31-12-18,4.7,40,63,65,1,8,F,Y,1819,6.116745078,F23,41.51579282,MIA
C24,FWB,0,0,21-12-18,5.3,40,65,67.5,NA,NA,M,N,1819,6.233839985,F24,37.7340414,
C24,FWB,10,10,31-12-18,5.2,41,67,68,2,4,M,N,1819,5.996393671,F24,37.7340414,
C24,FWB,20,20,10-01-19,5.5,43,65,69,1,0,M,N,1819,6.098899142,F24,37.7340414,
C24,FWB,30,30,20-01-19,5.6,42,68,72,1,1,M,N,1819,5.540165478,F24,37.7340414,
C24,FWB,40,39,29-01-19,6.9,48,69,75,2,0,M,N,1819,6.118612315,F24,37.7340414,
C24,FWB,60,58,17-02-19,9.2,51,69,75,2,NA,M,N,1819,8.158149754,F24,37.7340414,
C25,FWB,0,0,21-12-18,4.4,35,62,63.5,NA,NA,F,N,1819,6.09620516,F25,35.26453607,
C25,FWB,10,10,31-12-18,5.2,39,63,65,1,4,F,N,1819,6.76746264,F25,35.26453607,
C25,FWB,20,20,10-01-19,6.2,41,65,71,1,3,F,N,1819,6.368119477,F25,35.26453607,
C25,FWB,30,30,20-01-19,8.8,48,67,73,2,9,F,N,1819,8.389908094,F25,35.26453607,
C25,FWB,40,41,31-01-19,8.9,50,71,76,2,2,F,N,1819,7.616787611,F25,35.26453607,
C25,FWB,60,63,22-02-19,9.8,NA,NA,NA,2,NA,F,N,1819,NA,F25,35.26453607,
C26,FWB,0,0,21-12-18,6.1,42.5,67.5,66,NA,NA,M,Y,1819,7.620364784,F26,33.18701375,predation
C26,FWB,10,10,31-12-18,4.9,42,66.5,64,1,2,M,Y,1819,6.647690894,F26,33.18701375,predation
C3,FWB,0,0,11-12-18,4.3,38,60.5,59,NA,NA,F,Y,1819,7.255336159,F3,29.86890188,MIA
C3,FWB,10,10,21-12-18,5.4,42,58,62,1,16,F,Y,1819,7.976914163,F3,29.86890188,MIA
C3,FWB,20,20,31-12-18,5.5,40,63,66,3,4,F,Y,1819,6.870820707,F3,29.86890188,MIA
C5,FWB,0,0,14-12-18,5.1,42.5,60,65,NA,NA,M,N,1819,6.637319128,F5,29.93040457,
C5,FWB,10,10,24-12-18,5.6,43,62,67,1,11,M,N,1819,6.71931009,F5,29.93040457,
C5,FWB,20,20,03-01-19,7.9,44,67,73,1,13,M,N,1819,7.531849311,F5,29.93040457,
C5,FWB,30,30,13-01-19,8.2,46,66,75.5,1,0,M,N,1819,7.143008411,F5,29.93040457,
C5,FWB,40,40,23-01-19,9.4,50,70,80.5,2,0,M,N,1819,6.894965893,F5,29.93040457,
C5,FWB,60,57,09-02-19,10.8,49,76,77,1,NA,M,N,1819,8.924526605,F5,29.93040457,
C6,FWB,0,0,15-12-18,4.7,42.5,61,57.5,NA,NA,F,N,1819,8.497119349,F6,35.31675816,
C6,FWB,10,10,25-12-18,4.7,40,60,62.5,2,0,F,N,1819,6.794958398,F6,35.31675816,
C6,FWB,20,20,04-01-19,5.2,43,65,67,2,5,F,N,1819,6.239359369,F6,35.31675816,
C6,FWB,30,30,14-01-19,6,44.5,62,71,2,3,F,N,1819,6.162696268,F6,35.31675816,
C6,FWB,40,41,25-01-19,9.1,52,71,72,1,1,F,N,1819,9.002768902,F6,35.31675816,
C6,FWB,60,53,06-02-19,7.2,NA,NA,NA,1,NA,F,N,1819,NA,F6,35.31675816,
C7,FWB,0,0,17-12-18,5.4,42,60,63,NA,NA,M,N,1819,7.64196439,F7,33.9803933,
C7,FWB,10,9,26-12-18,6.1,43.5,64,63,1,12,M,N,1819,8.632589404,F7,33.9803933,
C7,FWB,20,20,06-01-19,8.2,47,67,73,1,3,M,N,1819,7.817868906,F7,33.9803933,
C7,FWB,30,30,16-01-19,7.5,46,69,73,1,2,M,N,1819,7.150489853,F7,33.9803933,
C7,FWB,40,41,27-01-19,9.9,51,74,76,1,5,M,N,1819,8.472606443,F7,33.9803933,
C7,FWB,60,61,16-02-19,11.4,65,79,84,1,NA,M,N,1819,7.46027897,F7,33.9803933,
C8,FWB,0,0,17-12-18,5.5,42.5,62,63.5,NA,NA,M,N,1819,7.62025645,F8,44.01417021,
C8,FWB,10,9,26-12-18,5.8,44,67,69,2,11,M,N,1819,6.431566368,F8,44.01417021,
C8,FWB,20,20,06-01-19,6.8,49.5,66,71,1,7,M,N,1819,6.984389104,F8,44.01417021,
C8,FWB,30,30,16-01-19,7.8,48,70,75,2,0,M,N,1819,6.916692182,F8,44.01417021,
C8,FWB,40,40,26-01-19,9.1,51,71,78,2,4,M,N,1819,7.264049871,F8,44.01417021,
C8,FWB,60,52,07-02-19,9.8,NA,NA,NA,2,NA,M,N,1819,NA,F8,44.01417021,
C9,FWB,0,0,17-12-18,4.5,40,59,63,NA,NA,M,N,1819,6.368303659,F9,37.16871883,
C9,FWB,10,9,26-12-18,4.4,38,58,61,1,8,M,N,1819,6.789326323,F9,37.16871883,
C9,FWB,20,20,06-01-19,4.9,39,62,67,2,6,M,N,1819,5.879396329,F9,37.16871883,
C9,FWB,30,30,16-01-19,6.9,43,60,68,2,0,M,N,1819,7.95675314,F9,37.16871883,
C9,FWB,40,40,26-01-19,8.8,46.5,70,75,2,4,M,N,1819,7.80344759,F9,37.16871883,
C9,FWB,60,51,06-02-19,8,NA,NA,NA,2,NA,M,N,1819,NA,F9,37.16871883,
H0,SSB,0,0,03-12-18,NA,NA,NA,NA,NA,NA,F,N,1819,NA,S1,45.0170849,
H0,SSB,10,10,13-12-18,4.8,44,58,59,3,1,F,N,1819,8.098979898,S1,45.0170849,
H0,SSB,20,21,24-12-18,7.1,47,64,72,3,14,F,N,1819,7.024138374,S1,45.0170849,
H0,SSB,30,30,02-01-19,6.7,43,68.5,71.5,2,12,F,N,1819,6.753415094,S1,45.0170849,
H0,SSB,40,40,12-01-19,8.6,50,70,75.5,3,18,F,N,1819,7.491447845,S1,45.0170849,
H0,SSB,50,49,21-01-19,8.3,50,69.5,68,3,3,F,N,1819,9.571166821,S1,45.0170849,
H1,SSB,0,0,09-12-18,5.4,44,58,62.5,NA,NA,M,N,1819,7.806973479,S8,38.23505041,
H1,SSB,10,10,19-12-18,6.8,44.5,59,66,2,12,F,N,1819,8.494832874,S8,38.23505041,
H1,SSB,20,20,29-12-18,7.8,51,65,72,3,2,F,N,1819,7.716659059,S8,38.23505041,
H1,SSB,30,30,08-01-19,7.2,47,66.5,69,2,6,F,N,1819,7.984013422,S8,38.23505041,
H1,SSB,40,43,21-01-19,9.5,50.5,68.5,71,2,3,F,N,1819,9.757602425,S8,38.23505041,
H10,SSB,0,0,11-12-18,5.6,46,66,65,NA,NA,M,N,1819,7.288036689,S11,37.86672267,
H10,SSB,10,10,21-12-18,7.5,46,62,70,1,15,M,N,1819,8.001963725,S11,37.86672267,
H10,SSB,20,21,01-01-19,7.5,48,69,71,2,4,M,N,1819,7.703370335,S11,37.86672267,
H10,SSB,30,31,11-01-19,8.6,50,70,71.5,1,2,M,N,1819,8.668562658,S11,37.86672267,
H10,SSB,40,40,20-01-19,9.5,52,79,80,2,1,M,N,1819,7.085693788,S11,37.86672267,
H10,SSB,60,60,09-02-19,11.8,NA,NA,NA,2,NA,M,N,1819,NA,S11,37.86672267,
H11,SSB,0,0,11-12-18,6.1,45,62,62.5,NA,NA,M,N,1819,8.818988559,S12,36.68992567,
H11,SSB,10,10,21-12-18,8.3,45,64,69.5,3,10,M,N,1819,9.02734413,S12,36.68992567,
H11,SSB,20,20,31-12-18,9,52,72,74,3,4,M,N,1819,8.273235272,S12,36.68992567,
H11,SSB,30,30,10-01-19,8.6,51,70,79,3,8,M,N,1819,6.634424585,S12,36.68992567,
H11,SSB,40,40,20-01-19,10.4,51.5,73,80.5,2,1,M,N,1819,7.628472903,S12,36.68992567,
H11,SSB,50,49,29-01-19,9.6,54,74,78,3,3,M,N,1819,7.663173491,S12,36.68992567,
H11,SSB,60,75,24-02-19,13.2,NA,NA,NA,2,NA,M,N,1819,NA,S12,36.68992567,
H12,SSB,0,0,12-12-18,5,41,56,61,NA,NA,M,N,1819,7.715143549,S13,36.05477778,
H12,SSB,10,10,22-12-18,4.2,37,61,63.5,1,15,M,N,1819,5.819104925,S13,36.05477778,
H12,SSB,20,20,01-01-19,5.1,40.5,63,62,1,8,M,N,1819,7.533752265,S13,36.05477778,
H12,SSB,30,30,11-01-19,7.4,44,65,71,1,4,M,N,1819,7.600658731,S13,36.05477778,
H12,SSB,40,39,20-01-19,6,45,61,75,1,21,M,N,1819,5.320532448,S13,36.05477778,
H12,SSB,50,49,30-01-19,8.6,50,69,75,1,4,M,N,1819,7.626096509,S13,36.05477778,
H12,SSB,60,54,04-02-19,9.4,52.5,64,75,1,NA,M,N,1819,8.335500835,S13,36.05477778,
H13,SSB,0,0,12-12-18,6.2,42,67,72,NA,NA,M,N,1819,6.133754637,S14,37.06880292,
H13,SSB,10,10,22-12-18,6.6,48,68,66,2,11,M,N,1819,8.244984849,S14,37.06880292,
H13,SSB,20,20,01-01-19,7.8,48,70,71,1,2,M,N,1819,8.011505149,S14,37.06880292,
H13,SSB,30,30,11-01-19,10.6,54,71,81.5,2,11,M,N,1819,7.522034623,S14,37.06880292,
H13,SSB,40,39,20-01-19,10,49,73.5,82,2,8,M,N,1819,6.980846165,S14,37.06880292,
H13,SSB,50,49,30-01-19,9.4,55,73.5,77.5,3,5,M,N,1819,7.634015724,S14,37.06880292,
H13,SSB,60,58,08-02-19,10.8,49,74,82.5,2,NA,M,N,1819,7.417434491,S14,37.06880292,
H14,SSB,0,0,13-12-18,6.8,44,64,67,NA,NA,M,N,1819,8.159162252,S15,34.62847217,
H14,SSB,10,10,23-12-18,7,46,65.5,69,2,16,M,N,1819,7.762235271,S15,34.62847217,
H14,SSB,20,21,03-01-19,10.6,54,74,78,1,3,M,N,1819,8.461420729,S15,34.62847217,
H14,SSB,30,30,12-01-19,11.3,52,75,79,2,0,M,N,1819,8.717325327,S15,34.62847217,
H14,SSB,40,41,23-01-19,12.3,57,78,87.5,2,0,M,N,1819,7.214802779,S15,34.62847217,
H14,SSB,60,56,07-02-19,16.3,62,83,87,1,NA,M,N,1819,9.709110332,S15,34.62847217,
H15,SSB,0,0,13-12-18,4.3,41,54,59,NA,NA,F,N,1819,7.255336159,S16,30.74747442,
H15,SSB,10,10,23-12-18,3.7,37,57,57,1,6,F,N,1819,6.847697966,S16,30.74747442,
H15,SSB,20,20,02-01-19,4.3,41,60,61,1,5,F,N,1819,6.635023452,S16,30.74747442,
H15,SSB,30,30,12-01-19,4.6,41,59,68,1,3,F,N,1819,5.304502094,S16,30.74747442,
H15,SSB,40,40,22-01-19,6.8,44,64,65,2,0,F,N,1819,8.849758837,S16,30.74747442,
H15,SSB,60,56,07-02-19,7.1,47.5,59,66,1,NA,F,N,1819,8.869604913,S16,30.74747442,
H16,SSB,0,0,14-12-18,4.2,41,56,59,NA,NA,F,N,1819,7.086607411,S17,32.82799332,
H16,SSB,10,10,24-12-18,5.3,38,60,61,1,16,F,N,1819,8.178052162,S17,32.82799332,
H16,SSB,20,20,03-01-19,6.5,42,60,66.5,2,7,F,N,1819,7.957410008,S17,32.82799332,
H16,SSB,30,30,13-01-19,7,45,61,67,2,6,F,N,1819,8.399137613,S17,32.82799332,
H16,SSB,40,40,23-01-19,7.3,43,64,70.5,2,5,F,N,1819,7.641365807,S17,32.82799332,
H16,SSB,60,64,16-02-19,8.5,49,71,76,1,NA,F,N,1819,7.274460078,S17,32.82799332,
H17,SSB,0,0,15-12-18,5.5,45,59,64,NA,NA,F,N,1819,7.461693861,S18,35.74592596,
H17,SSB,10,10,25-12-18,7.1,49,62,69,3,7,F,N,1819,7.873124347,S18,35.74592596,
H17,SSB,20,20,04-01-19,7.9,46,65,67,3,5,F,N,1819,9.479026734,S18,35.74592596,
H17,SSB,30,30,14-01-19,9.4,50,70,75,3,11,F,N,1819,8.335500835,S18,35.74592596,
H17,SSB,40,42,26-01-19,9.6,51,73,81,3,5,F,N,1819,6.925735721,S18,35.74592596,
H17,SSB,60,59,12-02-19,10.8,51,73,81,2,NA,F,N,1819,7.791452686,S18,35.74592596,
H18,SSB,0,0,16-12-18,5.6,44,60,64,NA,NA,M,N,1819,7.597361022,S19,41.46510299,
H18,SSB,10,10,26-12-18,7.7,49,69,71,2,13,M,N,1819,7.908793544,S19,41.46510299,
H18,SSB,20,20,05-01-19,7.6,45,67.5,75,1,3,M,N,1819,6.739341101,S19,41.46510299,
H18,SSB,30,30,15-01-19,8.1,48,67,75.5,3,2,M,N,1819,7.055898552,S19,41.46510299,
H18,SSB,40,39,24-01-19,11.2,54,73,81,2,1,M,N,1819,8.080025008,S19,41.46510299,
H18,SSB,60,59,13-02-19,10.8,49,74,82,2,NA,M,N,1819,7.539313858,S19,41.46510299,
H19,SSB,0,0,16-12-18,4.7,43,61,65,NA,NA,F,N,1819,6.116745078,S20,38.48876961,
H19,SSB,10,10,26-12-18,5.3,42,61,62,2,19,F,N,1819,7.829193531,S20,38.48876961,
H19,SSB,20,20,05-01-19,6.8,44,64,67,2,2,F,N,1819,8.159162252,S20,38.48876961,
H19,SSB,30,30,15-01-19,7.3,43,63,71,2,1,F,N,1819,7.497947126,S20,38.48876961,
H19,SSB,40,39,24-01-19,7.5,47,65,75,2,10,F,N,1819,6.65066556,S20,38.48876961,
H19,SSB,60,45,30-01-19,7.9,NA,NA,NA,2,NA,F,N,1819,NA,S20,38.48876961,
H2,SSB,0,0,06-12-18,5.1,46,66,61,NA,NA,F,N,1819,7.86944642,S5,37.92869487,
H2,SSB,10,10,16-12-18,6.2,43,62.5,64,1,12,F,N,1819,8.411363989,S5,37.92869487,
H2,SSB,20,20,26-12-18,6,42,67,65.5,2,13,F,N,1819,7.649825878,S5,37.92869487,
H2,SSB,30,30,05-01-19,7.9,50,70,76,2,5,F,N,1819,6.760968778,S5,37.92869487,
H2,SSB,40,44,19-01-19,9.5,52,75,81,3,0,F,N,1819,6.853592641,S5,37.92869487,
H2,SSB,50,50,25-01-19,10.5,52.5,73,80,3,8,F,N,1819,7.831556292,S5,37.92869487,
H2,SSB,60,59,03-02-19,10.3,52.5,74,77.5,2,NA,F,N,1819,8.364932123,S5,37.92869487,
H20,SSB,0,0,23-12-18,6.7,48.5,70,70.5,NA,NA,M,N,1819,7.013308344,S21,34.36521964,
H20,SSB,10,10,02-01-19,7.8,48,73,70,1,11,M,N,1819,8.322042274,S21,34.36521964,
H20,SSB,20,20,12-01-19,9.1,49,73,78,1,16,M,N,1819,7.264049871,S21,34.36521964,
H20,SSB,30,30,22-01-19,11.2,54.5,76,81.5,1,1,M,N,1819,7.947810168,S21,34.36521964,
H20,SSB,40,41,02-02-19,10.9,56,79,84,1,9,M,N,1819,7.133073752,S21,34.36521964,
H20,SSB,60,54,15-02-19,14.6,NA,NA,NA,1,NA,M,N,1819,NA,S21,34.36521964,
H21,SSB,0,0,24-12-18,4,42,57,58.5,NA,NA,F,Y,1819,6.904916793,S22,31.19844586,starvation
H21,SSB,10,10,03-01-19,4.6,41,60,60,1,9,F,Y,1819,7.419551265,S22,31.19844586,starvation
H21,SSB,20,20,13-01-19,4.5,40,58,59.5,1,10,F,Y,1819,7.422938242,S22,31.19844586,starvation
H21,SSB,30,29,22-01-19,5.3,39,58,63,1,9,F,Y,1819,7.500446531,S22,31.19844586,starvation
H21,SSB,40,40,02-02-19,4.1,41,57,55,1,0,F,Y,1819,8.350546169,S22,31.19844586,starvation
H22,SSB,0,0,25-12-18,6,46,66,66,NA,NA,F,N,1819,7.495440772,S23,33.94887492,
H22,SSB,10,10,04-01-19,6.8,50,66,67,1,10,F,N,1819,8.159162252,S23,33.94887492,
H22,SSB,20,20,14-01-19,7.3,47,69,74,1,2,F,N,1819,6.710513054,S23,33.94887492,
H22,SSB,30,29,23-01-19,8.5,48,74,73,1,11,F,N,1819,8.1038885,S23,33.94887492,
H22,SSB,40,40,03-02-19,9.4,50,75.5,82,2,1,F,N,1819,6.561995395,S23,33.94887492,
H22,SSB,60,48,11-02-19,11,NA,NA,NA,1,NA,F,N,1819,NA,S23,33.94887492,
H23,SSB,0,0,26-12-18,4.6,39,60,59,NA,NA,F,Y,1819,7.761522402,S24,31.21454734,starvation
H23,SSB,10,10,05-01-19,3.8,39,61,62,1,7,F,Y,1819,5.613384041,S24,31.21454734,starvation
H23,SSB,20,20,15-01-19,4.8,42,60,60.5,1,12,F,Y,1819,7.571786859,S24,31.21454734,starvation
H23,SSB,30,30,25-01-19,5,42.5,61,63,2,0,F,Y,1819,7.075892954,S24,31.21454734,starvation
H24,SSB,0,0,27-12-18,5.6,43,65,66.5,NA,NA,M,N,1819,6.855614776,S25,31.92439634,
H24,SSB,10,10,06-01-19,4.6,40,66,66,1,1,M,N,1819,5.746504592,S25,31.92439634,
H24,SSB,20,20,16-01-19,5.2,45,61.5,67,1,5,M,N,1819,6.239359369,S25,31.92439634,
H24,SSB,30,29,25-01-19,7.2,48,66,72,1,2,M,N,1819,7.123069901,S25,31.92439634,
H24,SSB,40,38,03-02-19,7.7,50,71,75,1,3,M,N,1819,6.828016642,S25,31.92439634,
H24,SSB,60,46,11-02-19,9.8,NA,NA,NA,1,NA,M,N,1819,NA,S25,31.92439634,
H3,SSB,0,0,05-12-18,4.9,41,56,64,NA,NA,F,N,1819,6.647690894,S2,40.37425797,
H3,SSB,10,10,15-12-18,5.2,44,60.5,62,1,3,F,N,1819,7.681472898,S2,40.37425797,
H3,SSB,20,20,25-12-18,5.7,44,62,62,1,9,F,N,1819,8.420076061,S2,40.37425797,
H3,SSB,30,29,03-01-19,5.2,41,65,66,1,4,F,N,1819,6.496048669,S2,40.37425797,
H3,SSB,40,39,13-01-19,6,45,64,70,1,15,F,N,1819,6.40157098,S2,40.37425797,
H3,SSB,50,50,24-01-19,6,44,62.5,68,2,8,F,N,1819,6.918915774,S2,40.37425797,
H3,SSB,60,63,06-02-19,8.2,49.5,71.5,76,2,NA,F,N,1819,7.017714428,S2,40.37425797,
H4,SSB,0,0,05-12-18,6.3,48.5,58,64,NA,NA,F,N,1819,8.54703115,S3,35.06331823,
H4,SSB,10,10,15-12-18,6.2,46.5,61,68.5,2,3,F,N,1819,7.010491202,S3,35.06331823,
H4,SSB,20,20,25-12-18,7.7,48,65,73.5,3,10,F,N,1819,7.208044874,S3,35.06331823,
H4,SSB,30,29,03-01-19,8.7,53,72,76,3,6,F,N,1819,7.445623844,S3,35.06331823,
H4,SSB,40,40,14-01-19,7,45.5,70,76.5,3,12,F,N,1819,5.886332712,S3,35.06331823,
H4,SSB,50,50,24-01-19,7.2,48,71.5,70.5,3,1,F,N,1819,7.536689563,S3,35.06331823,
H4,SSB,60,83,26-02-19,13.6,NA,NA,NA,2,NA,F,N,1819,NA,S3,35.06331823,
H5,SSB,0,0,06-12-18,6.1,47,63,64,NA,NA,F,N,1819,8.275696828,S4,41.07401339,
H5,SSB,10,10,16-12-18,6.4,45,66,66,1,13,F,N,1819,7.995136823,S4,41.07401339,
H5,SSB,20,20,26-12-18,7.6,48,67,68,2,10,F,N,1819,8.763959981,S4,41.07401339,
H5,SSB,30,31,06-01-19,9.5,50,69,76,2,5,F,N,1819,8.13027891,S4,41.07401339,
H5,SSB,40,39,14-01-19,9.8,51,72,74.5,3,4,F,N,1819,8.847451852,S4,41.07401339,
H6,SSB,0,0,07-12-18,6.2,49,61,65,NA,NA,M,N,1819,8.068897763,S6,35.4620965,
H6,SSB,10,10,17-12-18,7.4,46,62.5,67,2,13,M,N,1819,8.879088333,S6,35.4620965,
H6,SSB,20,20,27-12-18,7.5,47,68,73,3,10,M,N,1819,7.150489853,S6,35.4620965,
H6,SSB,30,30,06-01-19,7.3,41,71,73,3,1,M,N,1819,6.959810123,S6,35.4620965,
H6,SSB,40,40,16-01-19,10.8,54,72,77,2,0,M,N,1819,8.924526605,S6,35.4620965,
H6,SSB,50,50,26-01-19,13.3,57,81.5,83.3,2,4,M,N,1819,8.901134896,S6,35.4620965,
H6,SSB,60,58,03-02-19,12.2,57,78,86,3,NA,M,N,1819,7.495704244,S6,35.4620965,
H7,SSB,0,0,08-12-18,5.4,44,65,66,NA,NA,F,N,1819,6.745896694,S7,36.28562897,
H7,SSB,10,10,18-12-18,6.1,43,65.5,71,1,6,F,N,1819,6.265407873,S7,36.28562897,
H7,SSB,20,20,28-12-18,6.6,46,65,74,2,3,F,N,1819,6.067039199,S7,36.28562897,
H7,SSB,30,30,07-01-19,6.4,43,68,71,2,3,F,N,1819,6.573542686,S7,36.28562897,
H7,SSB,40,40,17-01-19,7.8,49,67,75,3,0,F,N,1819,6.916692182,S7,36.28562897,
H7,SSB,50,49,26-01-19,8.2,45,69.5,77,2,3,F,N,1819,6.776029459,S7,36.28562897,
H7,SSB,60,65,11-02-19,9.6,NA,NA,NA,2,NA,F,N,1819,NA,S7,36.28562897,
H8,SSB,0,0,09-12-18,7.2,48.5,69,72.5,NA,NA,F,N,1819,6.992128914,S9,33.72828303,
H8,SSB,10,10,19-12-18,8,48.5,70,72,2,15,M,N,1819,7.914522112,S9,33.72828303,
H8,SSB,20,20,29-12-18,10.1,54,75,75,3,4,M,N,1819,8.956229621,S9,33.72828303,
H8,SSB,30,30,08-01-19,11.2,50,74,77,2,16,M,N,1819,9.255064627,S9,33.72828303,
H8,SSB,40,41,19-01-19,12.2,56,75,81,2,2,M,N,1819,8.801455812,S9,33.72828303,
H8,SSB,50,49,27-01-19,14,59,83,82,2,6,M,N,1819,9.773184631,S9,33.72828303,
H8,SSB,60,72,19-02-19,16.8,60.5,84,92,1,NA,M,N,1819,8.614637561,S9,33.72828303,
H9,SSB,0,0,10-12-18,6.1,45,65,67,NA,NA,M,N,1819,7.319248491,S10,37.8017416,
H9,SSB,10,10,20-12-18,7.5,48,70,71,3,9,M,N,1819,7.703370335,S10,37.8017416,
H9,SSB,20,20,30-12-18,8.2,47,70,76.5,3,4,M,N,1819,6.895418319,S10,37.8017416,
H9,SSB,30,31,10-01-19,8.9,47.5,71,79,2,17,M,N,1819,6.865858001,S10,37.8017416,
H9,SSB,40,42,21-01-19,9.8,51,80,84,2,4,M,N,1819,6.413222273,S10,37.8017416,
H9,SSB,50,50,28-01-19,10.9,53,80,86,2,8,M,N,1819,6.69698166,S10,37.8017416,
H9,SSB,60,56,04-02-19,12.9,55,83.5,83.5,2,NA,M,N,1819,8.578103022,S10,37.8017416,
